	Datetime	lat	long	label
0	2008-04-28 11:27:44	39.975438	116.333951	walk
1	2008-04-28 11:27:46	39.975446999999996	116.333955	walk
2	2008-04-28 11:27:48	39.975455	116.33396200000001	walk
3	2008-04-28 11:27:50	39.975464	116.333969	walk
4	2008-04-28 11:27:52	39.975473	116.333974	walk
5	2008-04-28 11:27:54	39.975486	116.33398100000001	walk
6	2008-04-28 11:27:56	39.975499	116.33398899999999	walk
7	2008-04-28 11:27:58	39.975513	116.333995	walk
8	2008-04-28 11:42:58	40.069644	116.313281	walk
9	2008-04-28 11:43:00	40.06963	116.313373	walk
10	2008-04-28 11:43:02	40.069611	116.31343700000001	walk
11	2008-04-28 11:43:04	40.069586	116.313451	walk
12	2008-04-28 11:43:06	40.069558	116.31348700000001	walk
13	2008-04-28 11:43:08	40.069542999999996	116.31350400000001	walk
14	2008-04-28 11:43:10	40.069542999999996	116.31350800000001	walk
15	2008-04-28 11:43:12	40.069545	116.31351299999999	walk
16	2008-04-28 11:43:14	40.069542	116.313519	walk
17	2008-04-28 11:43:16	40.069537	116.313523	walk
18	2008-04-28 11:43:18	40.069536	116.31353700000001	walk
19	2008-04-28 11:43:20	40.069536	116.31355500000001	walk
20	2008-04-28 11:43:22	40.069534000000004	116.31356699999999	walk
21	2008-04-28 11:43:24	40.06953	116.313571	walk
22	2008-04-28 11:43:26	40.069525	116.313571	walk
23	2008-04-28 11:43:28	40.069522	116.31356699999999	walk
24	2008-04-28 11:43:30	40.069531	116.313562	walk
25	2008-04-28 11:43:32	40.069541	116.31355400000001	walk
26	2008-04-28 11:43:34	40.069546	116.31355	walk
27	2008-04-28 11:43:36	40.06955	116.313548	walk
28	2008-04-28 11:43:38	40.069553000000006	116.31354499999999	walk
29	2008-04-28 11:43:40	40.069555	116.313546	walk
30	2008-04-28 11:43:42	40.069558	116.313547	walk
31	2008-04-28 11:43:44	40.069559999999996	116.313548	walk
32	2008-04-28 11:43:46	40.069565000000004	116.313551	walk
33	2008-04-28 11:43:48	40.069573	116.31355900000001	walk
34	2008-04-28 11:43:50	40.06958	116.31356799999999	walk
35	2008-04-28 11:43:52	40.069587	116.313578	walk
36	2008-04-28 11:43:54	40.069592	116.313588	walk
37	2008-04-28 11:43:56	40.069595	116.313597	walk
38	2008-04-28 11:43:58	40.069603	116.31360500000001	walk
39	2008-04-28 11:44:00	40.069662	116.31348799999999	walk
40	2008-04-28 11:44:02	40.0697	116.313419	walk
41	2008-04-28 11:44:04	40.069722999999996	116.313397	walk
42	2008-04-28 11:44:06	40.069818	116.31336	walk
43	2008-04-28 11:44:08	40.069888	116.313336	walk
44	2008-04-28 11:44:10	40.069942	116.313328	walk
45	2008-04-28 11:44:12	40.069962	116.313346	walk
46	2008-04-28 11:44:14	40.069958	116.313383	walk
47	2008-04-28 11:44:16	40.06997	116.31341699999999	walk
48	2008-04-28 11:44:18	40.069984999999996	116.31343999999999	walk
49	2008-04-28 11:44:20	40.069993	116.31348	walk
50	2008-04-28 11:44:22	40.069961	116.313521	walk
51	2008-04-28 11:44:24	40.06995	116.313556	walk
52	2008-04-28 11:44:26	40.069939	116.31359199999999	walk
53	2008-04-28 11:44:28	40.06994	116.31363799999998	walk
54	2008-04-28 11:44:30	40.069935	116.313671	walk
55	2008-04-28 11:44:32	40.069935	116.313704	walk
56	2008-04-28 11:44:34	40.06993	116.31373799999999	walk
57	2008-04-28 11:44:36	40.06992	116.313769	walk
58	2008-04-28 11:44:38	40.069917	116.313795	walk
59	2008-04-28 11:44:40	40.069926	116.31383600000001	walk
60	2008-04-28 11:44:42	40.069942	116.31387	walk
61	2008-04-28 11:44:44	40.069953000000005	116.313901	walk
62	2008-04-28 11:44:46	40.069972	116.313933	walk
63	2008-04-28 11:44:48	40.069990000000004	116.31396699999999	walk
64	2008-04-28 11:44:50	40.069998999999996	116.314006	walk
65	2008-04-28 11:44:52	40.070007000000004	116.314043	walk
66	2008-04-28 11:44:54	40.070013	116.31408400000001	walk
67	2008-04-28 11:44:56	40.070011	116.31411999999999	walk
68	2008-04-28 11:44:58	40.070008	116.31415	walk
69	2008-04-28 11:45:00	40.070005	116.31418899999998	walk
70	2008-04-28 11:45:02	40.070007000000004	116.314228	walk
71	2008-04-28 11:45:04	40.070007000000004	116.31426499999999	walk
72	2008-04-28 11:45:06	40.070003	116.314296	walk
73	2008-04-28 11:45:08	40.070001	116.31433100000001	walk
74	2008-04-28 11:45:10	40.069998999999996	116.314369	walk
75	2008-04-28 11:45:12	40.070001	116.3144	walk
76	2008-04-28 11:45:14	40.070004	116.314443	walk
77	2008-04-28 11:45:16	40.070009000000006	116.31448700000001	walk
78	2008-04-28 11:45:18	40.070021999999994	116.314525	walk
79	2008-04-28 11:45:20	40.070036	116.31456299999999	walk
80	2008-04-28 11:45:22	40.07005	116.31459699999999	walk
81	2008-04-28 11:45:24	40.070075	116.314618	walk
82	2008-04-28 11:45:26	40.070097	116.31463500000001	walk
83	2008-04-28 11:45:28	40.07011	116.31467099999999	walk
84	2008-04-28 11:45:30	40.070118	116.31471100000002	walk
85	2008-04-28 11:45:32	40.070133	116.31473600000001	walk
86	2008-04-28 11:45:34	40.070158	116.31475900000001	walk
87	2008-04-28 11:45:36	40.070184999999995	116.31478	walk
88	2008-04-28 11:45:38	40.070212	116.314793	walk
89	2008-04-28 11:45:40	40.070232	116.314799	walk
90	2008-04-28 11:45:42	40.070254	116.3148	walk
91	2008-04-28 11:45:44	40.07028	116.31479499999999	walk
92	2008-04-28 11:45:46	40.07031	116.31478500000001	walk
93	2008-04-28 11:45:48	40.070339000000004	116.314777	walk
94	2008-04-28 11:45:50	40.070375	116.31477199999999	walk
95	2008-04-28 11:45:52	40.070401000000004	116.314761	walk
96	2008-04-28 11:45:54	40.070432000000004	116.31475400000001	walk
97	2008-04-28 11:45:56	40.070461	116.31475	walk
98	2008-04-28 11:45:58	40.07049	116.31473500000001	walk
99	2008-04-28 11:46:00	40.070516	116.31471299999998	walk
100	2008-04-28 11:46:02	40.070541999999996	116.31468000000001	walk
101	2008-04-28 11:46:04	40.070568	116.314664	walk
102	2008-04-28 11:46:06	40.070586	116.314637	walk
103	2008-04-28 11:46:08	40.070624	116.314624	walk
104	2008-04-28 11:46:10	40.070657000000004	116.31461100000001	walk
105	2008-04-28 11:46:12	40.070737	116.314624	walk
106	2008-04-28 11:46:14	40.070756	116.31461200000001	walk
107	2008-04-28 11:46:16	40.070771	116.31460200000001	walk
108	2008-04-28 11:46:18	40.070782	116.314596	walk
109	2008-04-28 11:46:20	40.070789000000005	116.314591	walk
110	2008-04-28 11:46:22	40.070802	116.31458500000001	walk
111	2008-04-28 11:46:24	40.070815	116.314586	walk
112	2008-04-28 11:46:26	40.070819	116.31456599999999	walk
113	2008-04-28 11:46:28	40.070937	116.31451200000001	walk
114	2008-04-28 11:46:30	40.070974	116.31450900000002	walk
115	2008-04-28 11:46:32	40.070995	116.314504	walk
116	2008-04-28 11:46:34	40.071002	116.314489	walk
117	2008-04-28 11:46:36	40.071023	116.314479	walk
118	2008-04-28 11:46:38	40.071044	116.31446399999999	walk
119	2008-04-28 11:46:40	40.071064	116.314443	walk
120	2008-04-28 11:46:42	40.071086	116.314425	walk
121	2008-04-28 11:46:44	40.071121999999995	116.314407	walk
122	2008-04-28 11:46:46	40.07115	116.31438999999999	walk
123	2008-04-28 11:46:48	40.071201	116.314365	walk
124	2008-04-28 11:46:50	40.071242	116.31434899999999	walk
125	2008-04-28 11:46:52	40.071277	116.31433999999999	walk
126	2008-04-28 11:46:54	40.071318	116.31433799999999	walk
127	2008-04-28 11:46:56	40.071389	116.314365	walk
128	2008-04-28 11:46:58	40.071431	116.31436599999999	walk
129	2008-04-28 11:47:00	40.071462	116.314328	walk
130	2008-04-28 11:47:02	40.071492	116.314301	walk
131	2008-04-28 11:47:04	40.071515999999995	116.314273	walk
132	2008-04-28 11:47:06	40.071505	116.31426699999999	walk
133	2008-04-28 11:47:08	40.071501	116.314254	walk
134	2008-04-28 11:47:10	40.071496999999994	116.314232	walk
135	2008-04-28 11:47:12	40.071487	116.3142	walk
136	2008-04-28 11:47:14	40.071475	116.31416999999999	walk
137	2008-04-28 11:47:16	40.071472	116.31416200000001	walk
138	2008-04-28 11:47:18	40.07147	116.31413300000001	walk
139	2008-04-28 11:47:20	40.071466	116.314102	walk
140	2008-04-28 11:47:22	40.071473	116.31407	walk
141	2008-04-28 11:47:24	40.071490000000004	116.314045	walk
142	2008-04-28 11:47:26	40.071511	116.314015	walk
143	2008-04-28 11:47:28	40.071526	116.313965	walk
144	2008-04-28 11:47:30	40.071545	116.313901	walk
145	2008-04-28 11:47:32	40.071559	116.313852	walk
146	2008-04-28 11:47:34	40.071568	116.31381599999999	walk
147	2008-04-28 11:47:36	40.071562	116.313796	walk
148	2008-04-28 11:47:38	40.071571999999996	116.313772	walk
149	2008-04-28 11:47:40	40.071571	116.313744	walk
150	2008-04-28 11:47:42	40.07157	116.31371100000001	walk
151	2008-04-28 11:47:44	40.071583000000004	116.313676	walk
152	2008-04-28 11:47:46	40.071602	116.313644	walk
153	2008-04-28 11:47:48	40.071611	116.31361499999998	walk
154	2008-04-28 11:47:50	40.071612	116.31358200000001	walk
155	2008-04-28 11:47:52	40.071607	116.313549	walk
156	2008-04-28 11:47:54	40.071607	116.31353	walk
157	2008-04-28 11:47:56	40.071616	116.31347099999999	walk
158	2008-04-28 11:47:58	40.071613	116.31343999999999	walk
159	2008-04-28 11:48:00	40.071607	116.31341200000001	walk
160	2008-04-28 11:48:02	40.071585	116.313347	walk
161	2008-04-28 11:48:04	40.071596	116.313326	walk
162	2008-04-28 11:48:06	40.071632	116.313282	walk
163	2008-04-28 11:48:08	40.07165	116.31326399999999	walk
164	2008-04-28 11:48:10	40.071689	116.31324099999999	walk
165	2008-04-28 11:48:12	40.07173	116.313227	walk
166	2008-04-28 11:48:14	40.071758	116.31321799999999	walk
167	2008-04-28 11:48:16	40.071822	116.313235	walk
168	2008-04-28 11:48:18	40.071824	116.31314499999999	walk
169	2008-04-28 11:48:20	40.071871	116.313172	walk
170	2008-04-28 11:48:22	40.071911	116.31316000000001	walk
171	2008-04-28 11:48:24	40.07192	116.313138	walk
172	2008-04-28 11:48:26	40.071917	116.31311699999999	walk
173	2008-04-28 11:48:28	40.07192	116.31308999999999	walk
174	2008-04-28 11:48:30	40.071934000000006	116.313075	walk
175	2008-04-28 11:48:32	40.071946999999994	116.31305800000001	walk
176	2008-04-28 11:48:34	40.07197	116.313041	walk
177	2008-04-28 11:48:36	40.071975	116.313023	walk
178	2008-04-28 11:48:38	40.071981	116.313004	walk
179	2008-04-28 11:48:40	40.071973	116.312975	walk
180	2008-04-28 11:48:42	40.071975	116.312946	walk
181	2008-04-28 11:48:44	40.071965000000006	116.31291499999999	walk
182	2008-04-28 11:48:46	40.071946000000004	116.312863	walk
183	2008-04-28 11:48:48	40.071929	116.312827	walk
184	2008-04-28 11:48:50	40.071943	116.31281899999999	walk
185	2008-04-28 11:48:52	40.071946000000004	116.312816	walk
186	2008-04-28 11:48:54	40.071948	116.312816	walk
187	2008-04-28 11:48:56	40.071949	116.31281499999999	walk
188	2008-04-28 11:48:58	40.071952	116.31281399999999	walk
189	2008-04-28 11:49:00	40.071954	116.31281399999999	walk
190	2008-04-28 11:49:04	40.071948	116.31281399999999	walk
191	2008-04-28 11:49:06	40.071940999999995	116.31281100000001	walk
192	2008-04-28 11:49:08	40.071936	116.312809	walk
193	2008-04-28 11:49:10	40.071931	116.312809	walk
194	2008-04-28 11:49:12	40.071926	116.312804	walk
195	2008-04-28 11:49:16	40.071914	116.31278	walk
196	2008-04-28 11:49:18	40.071899	116.312775	walk
197	2008-04-28 11:49:20	40.071888	116.31276399999999	walk
198	2008-04-28 11:49:22	40.071877	116.31274599999999	walk
199	2008-04-28 11:49:24	40.071877	116.312743	walk
200	2008-04-28 11:49:26	40.071937	116.312767	walk
201	2008-04-28 11:49:28	40.07195	116.31277299999999	walk
202	2008-04-28 11:49:30	40.071962	116.312779	walk
203	2008-04-28 11:49:32	40.071974	116.31278600000002	walk
204	2008-04-28 11:49:34	40.071977000000004	116.31278300000001	walk
205	2008-04-28 11:49:36	40.071977000000004	116.31278200000001	walk
206	2008-04-28 11:49:50	40.071802000000005	116.312531	walk
207	2008-04-28 11:49:52	40.071791	116.31251599999999	walk
208	2008-04-28 11:49:54	40.071785999999996	116.31250800000001	walk
209	2008-04-28 11:49:56	40.071781	116.312505	walk
210	2008-04-28 11:49:58	40.071778	116.312502	walk
211	2008-04-28 11:50:00	40.071783	116.312496	walk
212	2008-04-28 11:50:01	40.071834	116.312432	walk
213	2008-04-28 11:50:02	40.071862	116.312403	walk
214	2008-04-28 11:50:04	40.071861	116.312409	walk
215	2008-04-28 11:50:06	40.071859	116.31241000000001	walk
216	2008-04-28 11:50:08	40.071856	116.31241000000001	walk
217	2008-04-28 11:50:10	40.071853999999995	116.31241000000001	walk
218	2008-04-29 01:38:26	40.069697999999995	116.313131	walk
219	2008-04-29 01:38:27	40.069627000000004	116.312923	walk
220	2008-04-29 01:38:28	40.069726	116.313179	walk
221	2008-04-29 01:38:29	40.069676	116.313043	walk
222	2008-04-29 01:38:31	40.069628	116.312877	walk
223	2008-04-29 01:38:33	40.069613000000004	116.312818	walk
224	2008-04-29 01:38:35	40.069587	116.312739	walk
225	2008-04-29 01:38:37	40.069561	116.31265800000001	walk
226	2008-04-29 01:38:39	40.069559000000005	116.31266200000002	walk
227	2008-04-29 01:38:41	40.06955	116.312648	walk
228	2008-04-29 01:38:43	40.069542	116.31263799999999	walk
229	2008-04-29 01:38:45	40.069524	116.31261599999999	walk
230	2008-04-29 01:38:47	40.069517	116.31259299999999	walk
231	2008-04-29 01:38:49	40.069526	116.312605	walk
232	2008-04-29 01:38:51	40.069513	116.31257	walk
233	2008-04-29 01:38:53	40.06951	116.31255300000001	walk
234	2008-04-29 01:38:55	40.069503000000005	116.312846	walk
235	2008-04-29 01:38:57	40.06951	116.312823	walk
236	2008-04-29 01:38:59	40.069576	116.312821	walk
237	2008-04-29 01:39:01	40.069709	116.31286399999999	walk
238	2008-04-29 01:39:02	40.06987	116.313069	walk
239	2008-04-29 01:39:04	40.070081	116.313092	walk
240	2008-04-29 01:39:06	40.070145000000004	116.31311399999998	walk
241	2008-04-29 01:39:08	40.070145000000004	116.31310800000001	walk
242	2008-04-29 01:39:10	40.07015	116.31310900000001	walk
243	2008-04-29 01:39:12	40.070147	116.313102	walk
244	2008-04-29 01:39:14	40.070132	116.31308899999999	walk
245	2008-04-29 01:39:16	40.070102	116.313046	walk
246	2008-04-29 01:39:18	40.070075	116.313028	walk
247	2008-04-29 01:39:20	40.070066	116.31301299999998	walk
248	2008-04-29 01:39:22	40.070029	116.31299299999999	walk
249	2008-04-29 01:39:24	40.069996	116.312975	walk
250	2008-04-29 01:39:26	40.069956	116.31293400000001	walk
251	2008-04-29 01:39:28	40.069928999999995	116.31290200000001	walk
252	2008-04-29 01:39:30	40.069879	116.312876	walk
253	2008-04-29 01:39:31	40.069752	116.312858	walk
254	2008-04-29 01:39:33	40.069593	116.31281000000001	walk
255	2008-04-29 01:39:34	40.0695	116.3127	walk
256	2008-04-29 01:39:36	40.069446	116.312669	walk
257	2008-04-29 01:39:38	40.069453	116.312627	walk
258	2008-04-29 01:39:39	40.069447	116.312445	walk
259	2008-04-29 01:39:41	40.069438	116.31243400000001	walk
260	2008-04-29 01:39:43	40.069415	116.31241999999999	walk
261	2008-04-29 01:39:45	40.06941	116.312432	walk
262	2008-04-29 01:39:47	40.069421000000006	116.31244099999999	walk
263	2008-04-29 01:39:49	40.06941	116.312372	walk
264	2008-04-29 01:39:51	40.069443	116.312373	walk
265	2008-04-29 01:39:53	40.069435999999996	116.312331	walk
266	2008-04-29 01:39:55	40.069429	116.312352	walk
267	2008-04-29 01:39:56	40.069446	116.312478	walk
268	2008-04-29 01:39:57	40.069458000000004	116.312629	walk
269	2008-04-29 01:39:59	40.069471	116.312722	walk
270	2008-04-29 01:40:01	40.069471	116.31272	walk
271	2008-04-29 01:40:03	40.069491	116.312726	walk
272	2008-04-29 01:40:05	40.069486	116.31278799999998	walk
273	2008-04-29 01:40:07	40.069509000000004	116.312818	walk
274	2008-04-29 01:40:09	40.069499	116.31281100000001	walk
275	2008-04-29 01:40:11	40.069497	116.31280600000001	walk
276	2008-04-29 01:40:13	40.069456	116.312785	walk
277	2008-04-29 01:40:14	40.069435	116.31291	walk
278	2008-04-29 01:40:16	40.069409	116.312983	walk
279	2008-04-29 01:40:18	40.06944	116.313034	walk
280	2008-04-29 01:40:20	40.069453	116.31305800000001	walk
281	2008-04-29 01:40:22	40.069483	116.313098	walk
282	2008-04-29 01:40:24	40.069522	116.313245	walk
283	2008-04-29 01:40:26	40.069531	116.31331399999999	walk
284	2008-04-29 01:40:28	40.069532	116.313325	walk
285	2008-04-29 01:40:30	40.069528000000005	116.313321	walk
286	2008-04-29 01:40:32	40.069515	116.31333500000001	walk
287	2008-04-29 01:40:34	40.069509000000004	116.31333400000001	walk
288	2008-04-29 01:40:36	40.069503999999995	116.31333300000001	walk
289	2008-04-29 01:40:38	40.0695	116.313336	walk
290	2008-04-29 01:40:40	40.069499	116.31333799999999	walk
291	2008-04-29 01:40:42	40.069497999999996	116.31334299999999	walk
292	2008-04-29 01:40:44	40.069508	116.313351	walk
293	2008-04-29 01:40:46	40.069527	116.31335200000001	walk
294	2008-04-29 01:40:48	40.069536	116.31336399999999	walk
295	2008-04-29 01:40:50	40.069539	116.313379	walk
296	2008-04-29 01:40:52	40.069545	116.313395	walk
297	2008-04-29 01:40:54	40.06955	116.31341499999999	walk
298	2008-04-29 01:40:56	40.069559999999996	116.31343500000001	walk
299	2008-04-29 01:40:58	40.069564	116.313461	walk
300	2008-04-29 01:41:00	40.06957	116.31348700000001	walk
301	2008-04-29 01:41:02	40.069578	116.313505	walk
302	2008-04-29 01:41:04	40.069573999999996	116.313523	walk
303	2008-04-29 01:41:06	40.069569	116.31353999999999	walk
304	2008-04-29 01:41:08	40.069536	116.313548	walk
305	2008-04-29 01:41:10	40.069517	116.313547	walk
306	2008-04-29 01:41:12	40.069503999999995	116.31353999999999	walk
307	2008-04-29 01:41:14	40.069477	116.313521	walk
308	2008-04-29 01:41:16	40.069448	116.31349499999999	walk
309	2008-04-29 01:41:18	40.069407	116.31346299999998	walk
310	2008-04-29 01:41:20	40.069389	116.31340800000001	walk
311	2008-04-29 01:41:22	40.069359999999996	116.31335700000001	walk
312	2008-04-29 01:41:24	40.069294	116.313305	walk
313	2008-04-29 01:41:26	40.069233000000004	116.31318700000001	walk
314	2008-04-29 01:41:28	40.069191	116.313028	walk
315	2008-04-29 01:57:57	39.975052000000005	116.33403700000001	walk
316	2008-04-29 01:57:59	39.975008	116.334015	walk
317	2008-04-29 01:58:01	39.974988	116.333992	walk
318	2008-04-29 01:58:03	39.974951000000004	116.33396599999999	walk
319	2008-04-29 01:58:05	39.974965999999995	116.33395800000001	walk
320	2008-04-29 01:58:07	39.974981	116.333949	walk
321	2008-04-29 01:58:08	39.97508	116.333927	walk
322	2008-04-29 01:58:10	39.975118	116.33388899999999	walk
323	2008-04-29 01:58:12	39.975139	116.333867	walk
324	2008-04-29 01:58:14	39.97514	116.333871	walk
325	2008-04-29 01:58:16	39.975141	116.333868	walk
326	2008-04-29 01:58:18	39.975144	116.333867	walk
327	2008-04-29 01:58:20	39.975163	116.333859	walk
328	2008-04-29 01:58:22	39.975169	116.333827	walk
329	2008-04-29 01:58:24	39.975202	116.33381899999999	walk
330	2008-04-29 01:58:26	39.975219	116.333818	walk
331	2008-04-29 01:58:28	39.975224	116.33381399999999	walk
332	2008-04-29 01:58:29	39.975301	116.33373200000001	walk
333	2008-04-29 01:58:31	39.975319	116.333722	walk
334	2008-04-29 01:58:33	39.975384999999996	116.333722	walk
335	2008-04-29 01:58:35	39.975401	116.33371899999999	walk
336	2008-04-29 01:58:37	39.975402	116.333722	walk
337	2008-04-29 01:58:39	39.975401	116.333725	walk
338	2008-04-29 01:58:41	39.975398	116.333729	walk
339	2008-04-29 01:58:43	39.975402	116.333729	walk
340	2008-04-29 01:58:45	39.975405	116.333724	walk
341	2008-04-29 01:58:47	39.975405	116.33371799999999	walk
342	2008-04-29 01:58:49	39.975401	116.333722	walk
343	2008-04-29 01:58:51	39.975398	116.333721	walk
344	2008-04-29 01:58:53	39.975396999999994	116.33371799999999	walk
345	2008-04-29 01:58:55	39.975396999999994	116.333721	walk
346	2008-04-29 01:58:57	39.975404	116.33373999999999	walk
347	2008-04-29 01:58:59	39.975408	116.33375500000001	walk
348	2008-04-29 01:59:01	39.97541	116.33376899999999	walk
349	2008-04-29 01:59:03	39.975411	116.33378400000001	walk
350	2008-04-29 01:59:05	39.975412	116.33380600000001	walk
351	2008-04-29 01:59:07	39.975421000000004	116.333823	walk
352	2008-04-29 01:59:09	39.975417	116.333822	walk
353	2008-04-29 01:59:11	39.975406	116.333801	walk
354	2008-04-29 01:59:13	39.975407000000004	116.333731	walk
355	2008-04-29 01:59:15	39.975376000000004	116.333702	walk
356	2008-04-29 01:59:17	39.975364	116.33364399999999	walk
357	2008-04-29 01:59:19	39.975342	116.33353600000001	walk
358	2008-04-29 01:59:21	39.975347	116.33349399999999	walk
359	2008-04-29 01:59:23	39.975349	116.333468	walk
360	2008-04-29 01:59:25	39.97534	116.33343500000001	walk
361	2008-04-29 01:59:27	39.975338	116.33340700000001	walk
362	2008-04-29 01:59:29	39.975345000000004	116.33338700000002	walk
363	2008-04-29 01:59:31	39.975353000000005	116.333359	walk
364	2008-04-29 01:59:33	39.975365000000004	116.33333400000001	walk
365	2008-04-29 01:59:35	39.975373	116.33331499999998	walk
366	2008-04-29 01:59:37	39.975371	116.33326399999999	walk
367	2008-04-29 01:59:39	39.975381	116.333251	walk
368	2008-04-29 01:59:41	39.975376000000004	116.333201	walk
369	2008-04-29 01:59:43	39.975384000000005	116.33318899999999	walk
370	2008-04-29 01:59:45	39.975389	116.333148	walk
371	2008-04-29 01:59:47	39.975396999999994	116.33313799999999	walk
372	2008-04-29 01:59:49	39.975409	116.333122	walk
373	2008-04-29 01:59:51	39.975407000000004	116.333087	walk
374	2008-04-29 01:59:53	39.975413	116.333076	walk
375	2008-04-29 01:59:55	39.97542	116.333059	walk
376	2008-04-29 01:59:57	39.975429	116.333044	walk
377	2008-04-29 01:59:59	39.975439	116.33301999999999	walk
378	2008-04-29 02:00:01	39.975441	116.33298700000002	walk
379	2008-04-29 02:00:03	39.975457	116.33293400000001	walk
380	2008-04-29 02:00:05	39.975454	116.33289099999999	walk
381	2008-04-29 02:00:07	39.975438	116.332812	walk
382	2008-04-29 02:00:09	39.975434	116.33279499999999	walk
383	2008-04-29 02:00:11	39.975438	116.33278	walk
384	2008-04-29 02:00:13	39.975434	116.332743	walk
385	2008-04-29 02:00:15	39.975444	116.332702	walk
386	2008-04-29 02:00:17	39.975443	116.33267099999999	walk
387	2008-04-29 02:00:19	39.975433	116.33263999999998	walk
388	2008-04-29 02:00:21	39.975415000000005	116.33256499999999	walk
389	2008-04-29 02:00:23	39.97542	116.332531	walk
390	2008-04-29 02:00:25	39.97542	116.33249199999999	walk
391	2008-04-29 02:00:27	39.975424	116.332471	walk
392	2008-04-29 02:00:29	39.975429999999996	116.332457	walk
393	2008-04-29 02:00:31	39.975426	116.332427	walk
394	2008-04-29 02:00:33	39.975423	116.332398	walk
395	2008-04-29 02:00:35	39.975427	116.33237199999999	walk
396	2008-04-29 02:00:37	39.975428	116.332343	walk
397	2008-04-29 02:00:39	39.975429999999996	116.332306	walk
398	2008-04-29 02:00:41	39.975431	116.33228500000001	walk
399	2008-04-29 02:00:43	39.975432	116.33224299999999	walk
400	2008-04-29 02:00:45	39.975435	116.33221599999999	walk
401	2008-04-29 02:00:47	39.975431	116.33218500000001	walk
402	2008-04-29 02:00:49	39.975443	116.332159	walk
403	2008-04-29 02:00:51	39.975455	116.33214699999999	walk
404	2008-04-29 02:00:53	39.975463	116.332127	walk
405	2008-04-29 02:00:55	39.975474	116.33211399999999	walk
406	2008-04-29 02:00:57	39.975504	116.332102	walk
407	2008-04-29 02:00:59	39.975516999999996	116.332071	walk
408	2008-04-29 02:01:01	39.975526	116.33205600000001	walk
409	2008-04-29 02:01:03	39.975542	116.33204199999999	walk
410	2008-04-29 02:01:05	39.975556	116.33201899999999	walk
411	2008-04-29 02:01:07	39.975576000000004	116.332004	walk
412	2008-04-29 02:01:09	39.975592	116.331976	walk
413	2008-04-29 02:01:11	39.975605	116.33195400000001	walk
414	2008-04-29 02:01:13	39.975615000000005	116.331929	walk
415	2008-04-29 02:01:15	39.975662	116.331874	walk
416	2008-04-29 02:01:17	39.975673	116.33175800000001	walk
417	2008-04-29 02:01:19	39.975693	116.331725	walk
418	2008-04-29 02:01:21	39.975703	116.33168400000001	walk
419	2008-04-29 02:01:23	39.975711	116.331666	walk
420	2008-04-29 02:01:25	39.975705	116.33163700000001	walk
421	2008-04-29 02:01:27	39.975698	116.33161799999999	walk
422	2008-04-29 02:01:29	39.975698	116.331604	walk
423	2008-04-29 02:01:31	39.975699	116.331574	walk
424	2008-04-29 02:01:33	39.975703	116.331535	walk
425	2008-04-29 02:01:35	39.975708000000004	116.33152	walk
426	2008-04-29 02:01:37	39.975718	116.331465	walk
427	2008-04-29 02:01:39	39.975722	116.33141200000001	walk
428	2008-04-29 02:01:41	39.975725	116.33136200000001	walk
429	2008-04-29 02:01:43	39.975729	116.331281	walk
430	2008-04-29 02:01:45	39.975719	116.33124	walk
431	2008-04-29 02:01:47	39.975735	116.331189	walk
432	2008-04-29 02:01:49	39.975745	116.331179	walk
433	2008-04-29 02:01:51	39.97575	116.33115600000001	walk
434	2008-04-29 02:01:53	39.975757	116.331122	walk
435	2008-04-29 02:01:55	39.975759000000004	116.331106	walk
436	2008-04-29 02:01:57	39.975753999999995	116.33110900000001	walk
437	2008-04-29 02:01:59	39.975761999999996	116.33108700000001	walk
438	2008-04-29 02:02:01	39.975765	116.331018	walk
439	2008-04-29 02:02:03	39.975769	116.33100800000001	walk
440	2008-04-29 02:02:05	39.97578	116.330998	walk
441	2008-04-29 02:02:07	39.97579	116.331001	walk
442	2008-04-29 02:02:09	39.975803000000006	116.330997	walk
443	2008-04-29 02:02:11	39.975812	116.33099399999999	walk
444	2008-04-29 02:02:13	39.975809000000005	116.33101	walk
445	2008-04-29 02:02:15	39.975808	116.331028	walk
446	2008-04-29 02:02:17	39.975809999999996	116.331043	walk
447	2008-04-29 02:02:19	39.975809999999996	116.33105900000001	walk
448	2008-04-29 02:02:21	39.975821	116.33106299999999	walk
449	2008-04-29 02:02:23	39.975825	116.33107199999999	walk
450	2008-04-29 02:02:25	39.975832000000004	116.33107700000001	walk
451	2008-04-29 02:02:27	39.975840000000005	116.331083	walk
452	2008-04-29 02:02:29	39.975846000000004	116.331088	walk
453	2008-04-29 02:03:19	39.976178999999995	116.330409	walk
454	2008-04-29 02:03:20	39.976169	116.330727	walk
455	2008-04-29 02:03:22	39.976107	116.33086999999999	walk
456	2008-04-29 02:03:24	39.976091	116.330927	walk
457	2008-04-29 02:03:26	39.976084	116.330933	walk
458	2008-04-29 02:03:28	39.976079999999996	116.33093400000001	walk
459	2008-05-12 01:27:06	40.07127	116.31444199999999	walk
460	2008-05-12 01:27:07	40.071345	116.314347	walk
461	2008-05-12 01:27:09	40.071296000000004	116.314351	walk
462	2008-05-12 01:27:11	40.071191999999996	116.314421	walk
463	2008-05-12 01:27:13	40.071096000000004	116.314467	walk
464	2008-05-12 01:27:15	40.071008	116.31451100000001	walk
465	2008-05-12 01:27:17	40.070935999999996	116.31455	walk
466	2008-05-12 01:27:19	40.071207	116.314426	walk
467	2008-05-12 01:27:21	40.071195	116.314438	walk
468	2008-05-12 01:27:25	40.070296	116.314825	walk
469	2008-05-12 01:27:27	40.070274	116.314825	walk
470	2008-05-12 01:27:29	40.07025	116.314829	walk
471	2008-05-12 01:27:31	40.070228	116.31481299999999	walk
472	2008-05-12 01:27:33	40.070215999999995	116.314793	walk
473	2008-05-12 01:27:35	40.070195	116.314778	walk
474	2008-05-12 01:27:37	40.070187	116.31477199999999	walk
475	2008-05-12 01:27:39	40.070194	116.314765	walk
476	2008-05-12 01:27:41	40.070187	116.314748	walk
477	2008-05-12 01:27:43	40.070188	116.31473000000001	walk
478	2008-05-12 01:27:45	40.070182	116.31468799999999	walk
479	2008-05-12 01:27:47	40.070167	116.314631	walk
480	2008-05-12 01:27:49	40.070167	116.31459299999999	walk
481	2008-05-12 01:27:51	40.070165	116.314528	walk
482	2008-05-12 01:27:53	40.070153000000005	116.31446799999999	walk
483	2008-05-12 01:27:55	40.07013	116.31443300000001	walk
484	2008-05-12 01:27:57	40.070130999999996	116.31442	walk
485	2008-05-12 01:27:59	40.070130999999996	116.314397	walk
486	2008-05-12 01:28:01	40.070135	116.31431299999998	walk
487	2008-05-12 01:28:03	40.070125	116.314275	walk
488	2008-05-12 01:28:05	40.070091999999995	116.31426200000001	walk
489	2008-05-12 01:28:07	40.070045	116.31425800000001	walk
490	2008-05-12 01:28:09	40.070006	116.31423999999998	walk
491	2008-05-12 01:28:11	40.069969	116.314228	walk
492	2008-05-12 01:28:13	40.069938	116.314217	walk
493	2008-05-12 01:28:15	40.069925	116.31420700000001	walk
494	2008-05-12 01:28:17	40.069917	116.31418500000001	walk
495	2008-05-12 01:28:19	40.069916	116.31416100000001	walk
496	2008-05-12 01:28:21	40.069925	116.31406000000001	walk
497	2008-05-12 01:28:23	40.069926	116.31388000000001	walk
498	2008-05-12 01:28:25	40.069919	116.31383100000001	walk
499	2008-05-12 01:28:27	40.069899	116.31385300000001	walk
500	2008-05-12 01:28:29	40.069882	116.313841	walk
501	2008-05-12 01:28:31	40.069866999999995	116.313828	walk
502	2008-05-12 01:28:33	40.069868	116.31382099999999	walk
503	2008-05-12 01:28:35	40.06985	116.31383000000001	walk
504	2008-05-12 01:28:37	40.069852000000004	116.31381100000002	walk
505	2008-05-12 01:28:39	40.069876	116.313779	walk
506	2008-05-12 01:28:41	40.069885	116.313748	walk
507	2008-05-12 01:28:43	40.069891	116.313705	walk
508	2008-05-12 01:28:45	40.069881	116.313682	walk
509	2008-05-12 01:28:47	40.069888	116.31363700000001	walk
510	2008-05-12 01:28:49	40.069896	116.31360600000001	walk
511	2008-05-12 01:28:51	40.069903000000004	116.313572	walk
512	2008-05-12 01:28:53	40.0699	116.313525	walk
513	2008-05-12 01:28:55	40.069879	116.313456	walk
514	2008-05-12 01:28:57	40.069862	116.31341499999999	walk
515	2008-05-12 01:28:59	40.069837	116.313348	walk
516	2008-05-12 01:29:01	40.069817	116.313305	walk
517	2008-05-12 01:29:03	40.069798	116.313267	walk
518	2008-05-12 01:29:05	40.069790000000005	116.313247	walk
519	2008-05-12 01:29:07	40.069765999999994	116.313254	walk
520	2008-05-12 01:29:09	40.069751000000004	116.31325600000001	walk
521	2008-05-12 01:29:11	40.069732	116.31325700000001	walk
522	2008-05-12 01:29:13	40.069722999999996	116.313245	walk
523	2008-05-12 01:29:15	40.069715	116.313247	walk
524	2008-05-12 01:29:17	40.069712	116.31324099999999	walk
525	2008-05-12 01:29:19	40.069712	116.31323300000001	walk
526	2008-05-12 01:29:21	40.069711	116.31323	walk
527	2008-05-12 01:29:23	40.069714000000005	116.313229	walk
528	2008-05-12 01:29:25	40.069726	116.31323300000001	walk
529	2008-05-12 01:29:27	40.069743	116.313236	walk
530	2008-05-12 01:29:29	40.069761	116.313239	walk
531	2008-05-12 01:29:31	40.069784000000006	116.313239	walk
532	2008-05-12 01:29:33	40.069811	116.313235	walk
533	2008-05-12 01:29:35	40.069845	116.313217	walk
534	2008-05-12 01:29:37	40.069869	116.313203	walk
535	2008-05-12 01:29:39	40.069864	116.31316799999999	walk
536	2008-05-12 01:29:41	40.069864	116.31313600000001	walk
537	2008-05-12 01:29:43	40.069858	116.313098	walk
538	2008-05-12 01:29:45	40.069834	116.313053	walk
539	2008-05-12 01:29:47	40.069814	116.313029	walk
540	2008-05-12 01:29:49	40.069805	116.31301	walk
541	2008-05-12 01:29:50	40.069715	116.31296	walk
542	2008-05-12 01:29:52	40.069671	116.31294399999999	walk
543	2008-05-12 01:29:54	40.069663	116.312922	walk
544	2008-05-12 01:29:56	40.069652000000005	116.312909	walk
545	2008-05-12 01:29:58	40.06964	116.3129	walk
546	2008-05-12 01:30:00	40.069631	116.31288500000001	walk
547	2008-05-12 01:30:02	40.069628	116.31287900000001	walk
548	2008-05-12 01:30:04	40.069626	116.312876	walk
549	2008-05-12 01:30:06	40.069624	116.312874	walk
550	2008-05-12 01:30:08	40.069623	116.312871	walk
551	2008-05-12 01:30:10	40.069619	116.31286899999999	walk
552	2008-05-12 01:30:12	40.069615	116.312868	walk
553	2008-05-12 01:30:14	40.069611	116.31286499999999	walk
554	2008-05-12 01:30:16	40.069593	116.312894	walk
555	2008-05-12 01:30:18	40.069604999999996	116.312905	walk
556	2008-05-12 01:30:20	40.069590999999996	116.31293000000001	walk
557	2008-05-12 01:30:22	40.069576	116.31296599999999	walk
558	2008-05-12 01:30:24	40.069590000000005	116.312978	walk
559	2008-05-12 01:30:26	40.069594	116.313015	walk
560	2008-05-12 01:30:28	40.069598	116.31304499999999	walk
561	2008-05-12 01:30:30	40.069608	116.313071	walk
562	2008-05-12 01:30:32	40.069609	116.313103	walk
563	2008-05-12 01:30:34	40.069607	116.313115	walk
564	2008-05-12 01:30:36	40.069593	116.31314099999999	walk
565	2008-05-12 01:30:38	40.069592	116.313157	walk
566	2008-05-12 01:30:40	40.069588	116.313175	walk
567	2008-05-12 01:30:42	40.069588	116.313198	walk
568	2008-05-12 01:30:44	40.069586	116.31321899999999	walk
569	2008-05-12 01:30:46	40.069592	116.313244	walk
570	2008-05-12 01:35:22	40.069827000000004	116.313083	walk
571	2008-05-12 01:35:23	40.069882	116.31298999999999	walk
572	2008-05-12 01:35:25	40.069978000000006	116.312828	walk
573	2008-05-12 01:51:13	39.975582	116.33366000000001	walk
574	2008-05-12 01:51:15	39.975504	116.33366699999999	walk
575	2008-05-12 01:51:17	39.975439	116.333669	walk
576	2008-05-12 01:51:19	39.975387	116.333674	walk
577	2008-05-12 01:51:21	39.975342	116.33368700000001	walk
578	2008-05-12 01:51:23	39.975304	116.333702	walk
579	2008-05-12 01:51:25	39.975275	116.33371299999999	walk
580	2008-05-12 01:51:27	39.975253	116.333724	walk
581	2008-05-12 01:51:29	39.975231	116.33373600000002	walk
582	2008-05-12 01:51:31	39.975212	116.333747	walk
583	2008-05-12 01:51:33	39.975192	116.33375900000001	walk
584	2008-05-12 01:51:35	39.975178	116.33377	walk
585	2008-05-12 01:51:37	39.975171	116.33378200000001	walk
586	2008-05-12 01:51:39	39.975173	116.333798	walk
587	2008-05-12 01:51:41	39.975172	116.33381000000001	walk
588	2008-05-12 01:51:43	39.975172	116.33380700000001	walk
589	2008-05-12 01:51:45	39.975176	116.333804	walk
590	2008-05-12 01:51:47	39.975184000000006	116.333801	walk
591	2008-05-12 01:51:49	39.975195	116.3338	walk
592	2008-05-12 01:51:51	39.97521	116.33379599999999	walk
593	2008-05-12 01:51:53	39.975228	116.333789	walk
594	2008-05-12 01:51:55	39.975244	116.33378300000001	walk
595	2008-05-12 01:51:57	39.975253	116.333775	walk
596	2008-05-12 01:51:59	39.97526	116.33377	walk
597	2008-05-12 01:52:01	39.975266	116.333766	walk
598	2008-05-12 01:52:03	39.975272	116.33376499999999	walk
599	2008-05-12 01:52:05	39.97528	116.33376200000001	walk
600	2008-05-12 01:52:07	39.97529	116.33375900000001	walk
601	2008-05-12 01:52:09	39.9753	116.333754	walk
602	2008-05-12 01:52:11	39.975311	116.33375	walk
603	2008-05-12 01:52:13	39.975322	116.333748	walk
604	2008-05-12 01:52:15	39.975334000000004	116.333747	walk
605	2008-05-12 01:52:17	39.975345000000004	116.33374099999999	walk
606	2008-05-12 01:52:19	39.975356	116.33373600000002	walk
607	2008-05-12 01:52:21	39.97537	116.333734	walk
608	2008-05-12 01:52:23	39.975395	116.33374199999999	walk
609	2008-05-12 01:52:25	39.975426	116.333758	walk
610	2008-05-12 01:52:27	39.975454	116.333777	walk
611	2008-05-12 01:52:29	39.975481	116.333801	walk
612	2008-05-12 01:52:31	39.975503	116.33384099999999	walk
613	2008-05-12 01:52:33	39.97552	116.33388400000001	walk
614	2008-05-12 01:52:35	39.975539000000005	116.333914	walk
615	2008-05-12 01:52:37	39.975546	116.333923	walk
616	2008-05-12 01:52:39	39.975559000000004	116.333821	walk
617	2008-05-12 01:52:41	39.975499	116.333688	walk
618	2008-05-12 01:52:43	39.975501	116.33366799999999	walk
619	2008-05-12 01:52:45	39.975456	116.333669	walk
620	2008-05-12 01:52:47	39.975418	116.33360400000001	walk
621	2008-05-12 01:52:49	39.975398999999996	116.33358600000001	walk
622	2008-05-12 01:52:51	39.97538	116.33356100000002	walk
623	2008-05-12 01:52:53	39.97538	116.33351100000002	walk
624	2008-05-12 01:52:55	39.975367	116.333483	walk
625	2008-05-12 01:52:57	39.975373	116.333451	walk
626	2008-05-12 01:52:59	39.975393	116.333428	walk
627	2008-05-12 01:53:01	39.975401	116.33339199999999	walk
628	2008-05-12 01:53:03	39.9754	116.333353	walk
629	2008-05-12 01:53:05	39.975386	116.333324	walk
630	2008-05-12 01:53:07	39.975382	116.33329499999999	walk
631	2008-05-12 01:53:09	39.975384999999996	116.33326299999999	walk
632	2008-05-12 01:53:11	39.975384999999996	116.333234	walk
633	2008-05-12 01:53:13	39.975389	116.33320800000001	walk
634	2008-05-12 01:53:15	39.975407000000004	116.33316599999999	walk
635	2008-05-12 01:53:17	39.975413	116.333127	walk
636	2008-05-12 01:53:19	39.975415000000005	116.3331	walk
637	2008-05-12 01:53:21	39.975408	116.33306200000001	walk
638	2008-05-12 01:53:23	39.975395	116.33303000000001	walk
639	2008-05-12 01:53:25	39.975415000000005	116.33299299999999	walk
640	2008-05-12 01:53:27	39.975406	116.332949	walk
641	2008-05-12 01:53:29	39.975403	116.332893	walk
642	2008-05-12 01:53:31	39.975421000000004	116.332862	walk
643	2008-05-12 01:53:33	39.975418	116.332823	walk
644	2008-05-12 01:53:35	39.975411	116.33276599999999	walk
645	2008-05-12 01:53:37	39.975411	116.332734	walk
646	2008-05-12 01:53:39	39.975406	116.332711	walk
647	2008-05-12 01:53:41	39.975404	116.332687	walk
648	2008-05-12 01:53:43	39.975403	116.33265700000001	walk
649	2008-05-12 01:53:45	39.975413	116.332621	walk
650	2008-05-12 01:53:47	39.975418	116.33257900000001	walk
651	2008-05-12 01:53:49	39.975417	116.332544	walk
652	2008-05-12 01:53:51	39.97542	116.332494	walk
653	2008-05-12 01:53:53	39.975409	116.33243600000002	walk
654	2008-05-12 01:53:55	39.975421000000004	116.33237700000001	walk
655	2008-05-12 01:53:57	39.975424	116.33233	walk
656	2008-05-12 01:53:59	39.975425	116.33228700000001	walk
657	2008-05-12 01:54:01	39.975426	116.33225	walk
658	2008-05-12 01:54:03	39.97544	116.332214	walk
659	2008-05-12 01:54:05	39.975452000000004	116.33216999999999	walk
660	2008-05-12 01:54:07	39.975462	116.33213300000001	walk
661	2008-05-12 01:54:09	39.975462	116.332082	walk
662	2008-05-12 01:54:11	39.975469	116.33203400000001	walk
663	2008-05-12 01:54:13	39.975485	116.331998	walk
664	2008-05-12 01:54:15	39.975495	116.331962	walk
665	2008-05-12 01:54:17	39.975499	116.33190800000001	walk
666	2008-05-12 01:54:19	39.975514000000004	116.331873	walk
667	2008-05-12 01:54:21	39.975522	116.331841	walk
668	2008-05-12 01:54:23	39.975547	116.33182099999999	walk
669	2008-05-12 01:54:25	39.975538	116.33178500000001	walk
670	2008-05-12 01:54:27	39.975562	116.331753	walk
671	2008-05-12 01:54:29	39.97558	116.331754	walk
672	2008-05-12 01:54:31	39.975606	116.331736	walk
673	2008-05-12 01:54:33	39.97558	116.331681	walk
674	2008-05-12 01:54:35	39.975602	116.331616	walk
675	2008-05-12 01:54:37	39.975640999999996	116.331543	walk
676	2008-05-12 01:54:39	39.975648	116.331496	walk
677	2008-05-12 01:54:41	39.975656	116.33146799999999	walk
678	2008-05-12 01:54:43	39.975671000000006	116.331427	walk
679	2008-05-12 01:54:45	39.975688	116.331402	walk
680	2008-05-12 01:54:47	39.975696	116.331379	walk
681	2008-05-12 01:54:49	39.975706	116.33135	walk
682	2008-05-12 01:54:51	39.975718	116.33131999999999	walk
683	2008-05-12 01:54:53	39.975721	116.331271	walk
684	2008-05-12 01:54:55	39.975726	116.331248	walk
685	2008-05-12 01:54:57	39.975747	116.33122900000001	walk
686	2008-05-12 01:54:59	39.975764	116.33120500000001	walk
687	2008-05-12 01:55:01	39.97579	116.331174	walk
688	2008-05-12 01:55:03	39.975805	116.33114499999999	walk
689	2008-05-12 01:55:05	39.975815000000004	116.331108	walk
690	2008-05-12 01:55:07	39.97583	116.33107199999999	walk
691	2008-05-12 01:55:09	39.975848	116.331029	walk
692	2008-05-12 01:55:11	39.975867	116.330997	walk
693	2008-05-12 01:55:13	39.975877000000004	116.330976	walk
694	2008-05-12 01:55:15	39.975883	116.330956	walk
695	2008-05-12 01:55:17	39.975899	116.330947	walk
696	2008-05-12 01:55:19	39.975905	116.330949	walk
697	2008-05-12 01:55:21	39.975901	116.33096100000002	walk
698	2008-05-12 01:55:23	39.975903	116.33097	walk
699	2008-05-12 01:55:25	39.975926	116.330982	walk
700	2008-05-12 01:55:27	39.975964000000005	116.330995	walk
701	2008-05-12 01:55:29	39.975998	116.330998	walk
702	2008-05-12 01:55:31	39.976043	116.330996	walk
703	2008-05-12 01:55:33	39.976062	116.33098400000002	walk
704	2008-05-12 01:55:35	39.97607	116.330976	walk
705	2008-05-14 02:19:20	39.974953	116.33163700000001	walk
706	2008-05-14 02:19:22	39.974938	116.331623	walk
707	2008-05-14 02:19:24	39.974919	116.331616	walk
708	2008-05-14 02:19:26	39.974911	116.331589	walk
709	2008-05-14 02:19:28	39.974876	116.33158600000002	walk
710	2008-05-14 02:19:30	39.974863	116.33157299999999	walk
711	2008-05-14 02:19:32	39.974857	116.33155500000001	walk
712	2008-05-14 02:19:34	39.974865	116.33153	walk
713	2008-05-14 02:19:36	39.974882	116.331493	walk
714	2008-05-14 02:19:38	39.974877	116.331474	walk
715	2008-05-14 02:19:40	39.974871	116.33146200000002	walk
716	2008-05-14 02:19:42	39.974872	116.331448	walk
717	2008-05-14 02:19:44	39.974874	116.33143700000001	walk
718	2008-05-14 02:19:46	39.974882	116.331423	walk
719	2008-05-14 02:19:48	39.97489	116.33141100000002	walk
720	2008-05-14 02:19:50	39.9749	116.33140300000001	walk
721	2008-05-14 02:19:52	39.974911	116.33139299999999	walk
722	2008-05-21 01:33:30	40.07045	116.313295	walk
723	2008-05-21 01:33:31	40.070495	116.31308899999999	walk
724	2008-05-21 01:33:33	40.070524	116.312996	walk
725	2008-05-21 01:33:35	40.070495	116.31294	walk
726	2008-05-21 01:33:37	40.070471999999995	116.312875	walk
727	2008-05-21 01:33:39	40.070458	116.31284699999999	walk
728	2008-05-21 01:33:41	40.070456	116.31286999999999	walk
729	2008-05-21 01:33:43	40.070429	116.312828	walk
730	2008-05-21 01:33:45	40.070426	116.312785	walk
731	2008-05-21 01:33:47	40.070402	116.312731	walk
732	2008-05-21 01:33:49	40.070399	116.312708	walk
733	2008-05-21 01:33:51	40.070392	116.312712	walk
734	2008-05-21 01:33:55	40.069894	116.314209	walk
735	2008-05-21 01:33:57	40.069955	116.314145	walk
736	2008-05-21 01:33:59	40.069979	116.31408799999998	walk
737	2008-05-21 01:34:01	40.069965	116.31403999999999	walk
738	2008-05-21 01:34:03	40.069936	116.314004	walk
739	2008-05-21 01:34:05	40.069919	116.31396399999998	walk
740	2008-05-21 01:34:07	40.069911	116.313924	walk
741	2008-05-21 01:34:09	40.069893	116.313883	walk
742	2008-05-21 01:34:11	40.06988	116.313855	walk
743	2008-05-21 01:34:13	40.069862	116.313822	walk
744	2008-05-21 01:34:15	40.069855	116.313795	walk
745	2008-05-21 01:34:17	40.069854	116.31376100000001	walk
746	2008-05-21 01:34:19	40.069854	116.31371899999999	walk
747	2008-05-21 01:34:21	40.069856	116.313685	walk
748	2008-05-21 01:34:23	40.069863	116.31365600000001	walk
749	2008-05-21 01:34:25	40.069862	116.31362800000001	walk
750	2008-05-21 01:34:27	40.069857	116.31358999999999	walk
751	2008-05-21 01:34:29	40.069853	116.31356699999999	walk
752	2008-05-21 01:34:31	40.069853	116.313538	walk
753	2008-05-21 01:34:33	40.069852000000004	116.313498	walk
754	2008-05-21 01:34:35	40.069845	116.31346599999999	walk
755	2008-05-21 01:34:37	40.069833	116.31343400000002	walk
756	2008-05-21 01:34:39	40.069815999999996	116.313399	walk
757	2008-05-21 01:34:41	40.069804	116.31336399999999	walk
758	2008-05-21 01:34:43	40.069807	116.313328	walk
759	2008-05-21 01:34:45	40.069796999999994	116.313298	walk
760	2008-05-21 01:34:47	40.069777	116.313286	walk
761	2008-05-21 01:34:49	40.069748	116.31328300000001	walk
762	2008-05-21 01:34:51	40.069721	116.31327399999999	walk
763	2008-05-21 01:34:53	40.069706	116.31328799999999	walk
764	2008-05-21 01:34:55	40.069682	116.313277	walk
765	2008-05-21 01:41:11	40.069857	116.313083	walk
766	2008-05-21 01:59:31	39.975387	116.333417	walk
767	2008-05-21 01:59:33	39.975382	116.333386	walk
768	2008-05-21 01:59:35	39.975376000000004	116.33333700000001	walk
769	2008-05-21 01:59:37	39.975372	116.333294	walk
770	2008-05-21 01:59:39	39.975367	116.33323899999999	walk
771	2008-05-21 01:59:41	39.97537	116.333197	walk
772	2008-05-21 01:59:43	39.97537	116.333157	walk
773	2008-05-21 01:59:45	39.975365999999994	116.333128	walk
774	2008-05-21 01:59:47	39.975359000000005	116.333074	walk
775	2008-05-21 01:59:49	39.975348	116.333026	walk
776	2008-05-21 01:59:51	39.97535	116.332994	walk
777	2008-05-21 01:59:53	39.975349	116.33296399999999	walk
778	2008-05-21 01:59:55	39.975357	116.33292800000001	walk
779	2008-05-21 01:59:57	39.975357	116.33288300000001	walk
780	2008-05-21 01:59:59	39.975361	116.33280800000001	walk
781	2008-05-21 02:00:01	39.975375	116.33276399999998	walk
782	2008-05-21 02:00:03	39.975390000000004	116.332729	walk
783	2008-05-21 02:00:05	39.975401	116.332695	walk
784	2008-05-21 02:00:07	39.975412	116.33266100000002	walk
785	2008-05-21 02:00:09	39.975428	116.33261200000001	walk
786	2008-05-21 02:00:11	39.975419	116.33256599999999	walk
787	2008-05-21 02:00:13	39.975413	116.33251899999999	walk
788	2008-05-21 02:00:15	39.975407000000004	116.332476	walk
789	2008-05-21 02:00:17	39.975414	116.332439	walk
790	2008-05-21 02:00:19	39.975419	116.33240900000001	walk
791	2008-05-21 02:00:21	39.975414	116.33235900000001	walk
792	2008-05-21 02:00:23	39.975408	116.33232199999999	walk
793	2008-05-21 02:00:25	39.975414	116.332292	walk
794	2008-05-21 02:00:27	39.975409	116.332249	walk
795	2008-05-21 02:00:29	39.975406	116.33221	walk
796	2008-05-21 02:00:31	39.975403	116.33218400000001	walk
797	2008-05-21 02:00:33	39.975402	116.33214	walk
798	2008-05-21 02:00:35	39.975405	116.332098	walk
799	2008-05-21 02:00:37	39.975407000000004	116.332057	walk
800	2008-05-21 02:00:39	39.975409	116.33201399999999	walk
801	2008-05-21 02:00:41	39.975413	116.33199099999999	walk
802	2008-05-21 02:00:43	39.975421000000004	116.331965	walk
803	2008-05-21 02:00:45	39.975431	116.33194099999999	walk
804	2008-05-21 02:00:47	39.975438	116.33192700000001	walk
805	2008-05-21 02:00:49	39.975448	116.33191699999999	walk
806	2008-05-21 02:00:51	39.975453	116.33191000000001	walk
807	2008-05-21 02:00:53	39.975467	116.331902	walk
808	2008-05-21 02:00:55	39.975488	116.33192	walk
809	2008-05-21 02:00:57	39.975504	116.33193	walk
810	2008-05-21 02:00:59	39.97552	116.33191299999999	walk
811	2008-05-21 02:01:01	39.975534	116.33188799999999	walk
812	2008-05-21 02:01:03	39.975564	116.331874	walk
813	2008-05-21 02:01:05	39.975598	116.331861	walk
814	2008-05-21 02:01:07	39.975604	116.331856	walk
815	2008-05-21 02:01:09	39.975621000000004	116.33184399999999	walk
816	2008-05-21 02:01:11	39.975628	116.33181299999998	walk
817	2008-05-21 02:01:13	39.975627	116.331796	walk
818	2008-05-21 02:01:15	39.975629999999995	116.331776	walk
819	2008-05-21 02:01:17	39.975636	116.331753	walk
820	2008-05-21 02:01:19	39.975638000000004	116.33171599999999	walk
821	2008-05-21 02:01:21	39.975638000000004	116.33168899999998	walk
822	2008-05-21 02:01:23	39.975644	116.331657	walk
823	2008-05-21 02:01:25	39.975646000000005	116.331625	walk
824	2008-05-21 02:01:27	39.975649	116.331585	walk
825	2008-05-21 02:01:29	39.975654	116.331551	walk
826	2008-05-21 02:01:31	39.975653	116.331519	walk
827	2008-05-21 02:01:33	39.975642	116.33148200000001	walk
828	2008-05-21 02:01:35	39.975638000000004	116.33144399999999	walk
829	2008-05-21 02:01:37	39.975637	116.33140300000001	walk
830	2008-05-21 02:01:39	39.975631	116.33137099999999	walk
831	2008-05-21 02:01:41	39.97562	116.331327	walk
832	2008-05-21 02:01:43	39.975609999999996	116.33128899999998	walk
833	2008-05-21 02:01:45	39.975601	116.33125	walk
834	2008-05-21 02:01:47	39.975595	116.331223	walk
835	2008-05-21 02:01:49	39.975578000000006	116.331197	walk
836	2008-05-21 02:01:51	39.975559000000004	116.33116000000001	walk
837	2008-05-21 02:01:53	39.975552	116.331143	walk
838	2008-05-21 02:01:55	39.975542	116.33113200000001	walk
839	2008-05-21 02:01:57	39.975542	116.331121	walk
840	2008-05-21 02:01:59	39.975544	116.331116	walk
841	2008-05-21 02:02:01	39.975537	116.331123	walk
